P1500,PROCESADOR INTEL PENTIUM GOLD G6400 4.0GHZ 4MB 1200,PROCESADORES,10,1459.00,10
P1501,PROCESADOR INTEL CORE I3 7100 3.9GHZ 1151 3MB BX80677I37100,PROCESADORES,8,2369.00,10
P1502,PROCESADOR INTEL CORE I7 9700K 3.6GHZ 1151 12MB BX80684I79700K,PROCESADORES,4,7949.00,10
P1503,PROCESADOR INTEL CORE I7 10700K 5.1GHZ 16MB 1200 BX8070110700K,PROCESADORES,6,9869.00,10
P1504,PROCESADOR INTEL CORE I7 9700 1151 3.0GHZ BX80684I79700,PROCESADORES,11,7109.00,10
P1505,PROCESADOR INTEL CORE I5 10400 4.3GHZ 12MB 1200 BX8070110400,PROCESADORES,14,4519.00,10
P1506,PROCESADOR INTEL CORE I3 10100 4.3GHZ 6MB 1200 BX8070110100,PROCESADORES,10,2899.00,10
P1507,PROCESADOR INTEL CORE I5 9400 2.9GHZ 1151 9MB BX80684I59400,PROCESADORES,8,4169.00,10
P1508,PROCESADOR INTEL CORE I7 10700 4.8GHZ 1200 BX8070110700,PROCESADORES,13,8259.00,10
P1509,PROCESADOR INTEL CORE I5 9400F 2.9GHZ 1151 SIN GRAFICOS BX80684I59400F,PROCESADORES,12,3439.00,10
P1510,Procesador Intel Core I5 9600K 6Core 3.7GHz 6Mb 1151,PROCESADORES,7,5549.00,10
P1511,PROCESADOR INTEL CORE i7 10700K A 5.1GHZ 16MB 1200 BX8070110700KA,PROCESADORES,5,9979.00,10
P1512,PROCESADOR INTEL CORE I9 9900 3.10GHZ 1151 16MB,PROCESADORES,5,9269.00,10
P1513,PROCESADOR AMD RYZEN 5 5600X 3.7GHZ/32MB/65W/AM4,PROCESADORES,9,7699.00,10
P1514,PROCESADOR AMD RYZEN 7 5800X 5TA GEN AM4 8CORE 16THREADS 3.8GHZ 100-100000063WOF,PROCESADORES,3,11859.00,10
P1515,PROCESADOR AMD RYZEN 5 3600 6CORE 3.6GHZ 65W 7NM SOCKET AM4 100-100000031BOX,PROCESADORES,12,6109.00,10
P1516,"Procesador AMD Ryzen 9 5900X, S-AM4, 3.70GHz, 64MB L3 Cache",PROCESADORES,4,13269.00,10
P1517,MOTHERBOARD ASUS PRIME Z490-A SOC 1200 DDR4 HDMI DP PRIME Z490-A,TARJETAS MADRE,15,5459.00,0
P1518,MB ASUS TUF GAMING B550M-PLUS WIFI AM4 DDR4 HDMI DP MICRO ATX TUF GAMING B550M-PLUS WIFI,TARJETAS MADRE,12,4339.00,0
P1519,MB ASUS PRIME B550M-A/CSM AM4 DDR4 ATX VGA HDMI DVI,TARJETAS MADRE,14,3059.00,0
P1520,MOTHERBOARD GIGABYTE B365 M AORUS ELITE 4DDR4 1151 HDMI M ATX,TARJETAS MADRE,10,2259.00,0
P1521,MB GIGABYTE A520M-DS3H AM4 DDR4 HDMI DVI DP MICRO ATX,TARJETAS MADRE,16,1979.00,0
P1522,MB GIGABYTE A520M-S2H AM4 DDR4 VGA HDMI DVI MICRO ATX,TARJETAS MADRE,14,1849.00,0
P1523,MOTHERBOARD GIGABYTE B365M DS3H 4DDR4 1151 VGA DVI HDMI M ATX,TARJETAS MADRE,17,1819.00,0
P1524,MOTHERBOARD GIGABYTE B365M H 1151 DDR4 VGA HDMI MATX,TARJETAS MADRE,15,1779.00,0
P1525,MB ASUS PRIME H310M-A R2. LGA1151/DDR4/MICRO ATX/VGA/HDMI/DVI,TARJETAS MADRE,18,1529.00,0
P1526,Motherboard ASUS PRIME A320M-K AM4 DDR4 MICRO ATX HDMI VGA M.2 PCIE3.0,TARJETAS MADRE,20,1459.00,0
P1527,"MB Asus ATX TUF Gaming X570-Plus (WI-FI), S-AM4, AMD X570, HDMI, 128GB DDR4 para AMD Ryzen",TARJETAS MADRE,11,5719.00,0
P1528,"Tarjeta Madre AORUS XL-ATX X299X Xtreme Waterforce, S-2066, Intel X299 Express, max. 256GB DDR4 ",TARJETAS MADRE,6,37579.00,0
P1529,"Tarjeta Madre AORUS ATX X570 AORUS ELITE WIFI, S-AM4, AMD X570, HDMI, 128GB DDR4",TARJETAS MADRE,15,4979.00,0
P1530,"Tarjeta Madre AORUS Mini-ITX Z490I ULTRA, S-1200, Intel Z490, HDMI, 64GB DDR4",TARJETAS MADRE,12,5989.00,0
P1531,"Tarjeta Madre AORUS ATX Z490 AORUS MASTER, S-1200, Intel Z490, HDMI, 128GB DDR4",TARJETAS MADRE,14,8979.00,0
P1532,"Tarjeta Madre AORUS ATX Extendida Z490 XTREME, S-1200, Intel Z490, HDMI, 128GB DDR4",TARJETAS MADRE,10,17269.00,0
P1533,"Tarjeta Madre AORUS E-ATX Z490 AORUS XTREME WATERFORCE, S-1200, Intel Z490, HDMI, 128GB DDR4",TARJETAS MADRE,8,28949.00,0
P1534,Memoria Ram Adata SODDR3L SRAM 8GB 1600MHz,MEMORIA RAM,26,819.00,0
P1535,MEMORIA ADATA DDR4 8GB 3200 D50 PLATA RGB,MEMORIA RAM,28,$ 869.00 ,0
P1536,MEMORIA ADATA DDR4 8GB 3000 D50 PLATA RGB AX4U300038G16A-ST50,MEMORIA RAM,26,829.00,0
P1537,Memoria RAM HyperX Fury 4GB DDR4 2400 Negro,MEMORIA RAM,32,$ 509.00 ,0
P1538,MEMORIA ADATA DDR4 8GB 2666 HUNTER NEGRO AX4U266638G16-SBHT,MEMORIA RAM,29,719.00,0
P1539,MEMORIA KINGSTON DDR4 8GB 3000 HYPER FURY NEGRO HX430C15FB3/8,MEMORIA RAM,26,779.00,0
P1540,MEMORIA ADATA DDR3L 4GB 1600 PREMIER ADDU1600W4G11-S,MEMORIA RAM,35,469.00,0
P1541,MEMORIA ADATA DDR4 8GB 3000 D60G TITANIO RGB AX4U300038G16A-ST60,MEMORIA RAM,31,879.00,0
P1542,Memoria RAM Kingston HyperX Impact SODDR4 8GB 2400 Negro,MEMORIA RAM,32,$ 849.00 ,0
P1543,Memoria Ram Adata DDR3L DRAM 8GB 1600Mhz,MEMORIA RAM,30,819.00,0
P1544,MEMORIA RAM KINGSTON DDR3L 8GB 1600 HYPER FURY NEGRO HX316LC10FB/8,MEMORIA RAM,27,$ 919.00 ,0
P1545,MEMORIA KINGSTON DDR4 16GB 2666 HYPER FURY HX426C16FB4/16,MEMORIA RAM,24,"$ 1,239.00 ",0
P1546,MEMORIA CORSAIR DDR4 VENGEANCE LPX 32GB (2X16G) 2400MHZ NEGRO,MEMORIA RAM,18,3329.00,0
P1547,MEMORIA CORSAIR SODIMM DDR4 VENGEANCE 8GB (2X4) 2400MHZ,MEMORIA RAM,33,$ 829.00 ,0
P1548,MEMORIA ADATA DDR4 16GB 2666 D10 NEGRO,MEMORIA RAM,23,"$ 1,319.00 ",0
P1549,MEMORIA ADATA DDR4 16GB 2666 HUNTER,MEMORIA RAM,25,1309.00,0
P1550,"Disco Duro Seagate 1TB Nuevo 2.5"" Barracuda 5400 RPM",HDD,31,"$ 1,209.00 ",0
P1551,"Disco Duro Seagate 1TB 3.5"" Sata 3 Barracuda 7200 RPM",HDD,36,$ 969.00 ,0
P1552,"Disco Duro Seagate 1TB Ref 3.5"" Sata",HDD,40,$ 649.00 ,0
P1553,"Disco Duro Seagate 4TB Nuevo 3.5"" Sata 3",HDD,33,"$ 2,099.00 ",0
P1554,DISCO DURO WESTERN DIGITAL 1TB NUEVO 3.5 SATA PURPLE WD10PURZ,HDD,38,"$ 1,049.00 ",0
P1555,"DISCO DURO TOSHIBA 1TB P300 3.5"" 7200RPM HDWD110UZSVA",HDD,34,$ 999.00 ,0
P1556,DISCO DURO HIT SEA WDI TOS 500GB REF 3.5 SATA,HDD,46,$ 439.00 ,0
P1557,DISCO DURO SEAGATE 1TB NUEVO MOBILE 2.5 5400RPM ST1000LM035,HDD,31,"$ 1,019.00 ",0
P1558,DISCO DURO SEAGATE 2TB NUEVO BARRACUDA 3.5 7200RPM 256MB,HDD,34,"$ 1,349.00 ",0
P1559,DISCO DURO WESTERN DIGITAL 2TB NUEVO 3.5 PURPLE SATA,HDD,34,"$ 1,389.00 ",0
P1560,"Disco Duro Western Digital 2TB Nuevo 3.5"" Purple Sata",HDD,33,"$ 1,399.00 ",0
P1561,SSD KINGSTON SA400S37 240GB 2.5 SATA 6GB/S 500MB/450MB,SSD,39,$ 679.00 ,0
P1562,SSD KINGSTON SA400S37 120GB 2.5 SATA 6GB/S 500MB/450MB,SSD,42,$ 569.00 ,0
P1563,SSD ADATA SU650 120GB 2.5 SATA III 520/450 MB/S ASU650SS-120GT-R,SSD,45,$ 489.00 ,0
P1564,SSD KINGSTON SA400S37 960GB 2.5 SATA 6GB/S 500MB/450MB,SSD,29,"$ 2,119.00 ",0
P1565,"SSD Interno Seagate FireCuda Gaming 120 500Gb SATAIII de 6 Gb 2.5"" ZA500GM1A001",SSD,29,"$ 2,649.00 ",0
P1566,"SSD Interno Seagate BarraCuda 120 500Gb SATAIII de 6 Gb 2.5"" ZA500CM1A003",SSD,34,"$ 1,849.00 ",0
P1567,SSD ADATA SU630 480GB 2.5 SATA III 520/450 MB/S ASU630SS-480GQ-R,SSD,30,"$ 1,139.00 ",0
P1568,SSD Gigabyte 480 GB 2.5 Sata3 6gb/S Gp-Gstfs31480gntd,SSD,26,"$ 1,149.00 ",0
P1569,TARJETA DE VIDEO GIGABYTE GT710D5 2GL 2GB DDR5 GV-N710D5-2GL,TARJETA DE VIDEO,28,"$ 1,219.00 ",0
P1570,Tarjeta de vídeo ASUS NVIDIA GeForce GT 1030 2GB,TARJETA DE VIDEO,24,"$ 2,159.00 ",0
P1571,Tarjeta de vídeo ASUS GT710 Sl2GD5,TARJETA DE VIDEO,27,"$ 1,469.00 ",0
P1572,Tarjeta de vídeo GIGABYTE NVIDIA GeForce GT 1030 Low Profile 2GB,TARJETA DE VIDEO,24,"$ 2,259.00 ",0
P1573,TARJETA DE VIDEO ASUS PH GT1030 OC 2GB HDMI DVI PH-1030-O2G,TARJETA DE VIDEO,26,"$ 2,299.00 ",0
P1574,TARJETA DE VIDEO GIGABYTE RADEON RX5500XT OC 4GB 1845 MHZ DDR6 HDMI GV-R55XTOC-4GD,TARJETA DE VIDEO,19,"$ 4,429.00 ",0
P1575,TVIDEO EVGA GTX 1650 SUPER XC BLACK GAMING 4GB DDR6,TARJETA DE VIDEO,12,"$ 5,069.00 ",0
P1576,TVIDEO EVGA GTX 1660TI SC ULTRA GAMING 6GB DDR6 DP DVI HDMI,TARJETA DE VIDEO,13,"$ 7,639.00 ",0
P1577,TVIDEO GIGABYTE GT1030 2GB DDR5 DVI HDMI GV-N1030D5-2GL,TARJETA DE VIDEO,24,"$ 2,079.00 ",0
P1578,TVIDEO GIGABYTE GTX 1650 D6 WINDFORCE OC 4G HDMI DVI DP,TARJETA DE VIDEO,21,"$ 4,579.00 ",0
P1579,TVIDEO GIGABYTE GTX 1650 OC 4GB DDR6 HDMI DVI DP,TARJETA DE VIDEO,19,"$ 4,189.00 ",0
P1580,TVIDEO ASUS PH GTX1660 OC 6GB DDR5 HDMI DVI DP PH-GTX1660-O6G,TARJETA DE VIDEO,17,"$ 5,829.00 ",0
P1581,TVIDEO ASUS GT710 1GB DDR5 32BIT HDMI VGA GT710-SL-1GD5-BRK,TARJETA DE VIDEO,28,"$ 1,039.00 ",0
P1582,TVIDEO EVGA GTX 1650 SC ULTRA GAMING 4GB DDR6 HDMI DP,TARJETA DE VIDEO,16,"$ 4,639.00 ",0
P1583,TVIDEO PNY QUADRO P1000 V2 4GB DDR5 128BITS,TARJETA DE VIDEO,12,"$ 7,789.00 ",0
P1584,Fuente Acteck Edge Z600 600W ATX,FUENTE DE PODER,15,$ 509.00 ,0
P1585,Fuente Evga 750N1 750W Atx White,FUENTE DE PODER,6,"$ 1,759.00 ",0
P1586,"Fuente Poder Acteck Z-600, 20+4 pin ATX, 120mm, 600W, Negro",FUENTE DE PODER,18,471.00,0
P1587,"Fuente de Poder Cooler Master MWE GOLD 550 80 PLUS Gold, 24-pines ATX, 120mm, 550W",FUENTE DE PODER,5,2139.00,0
P1588,"Fuente de Poder Corsair CX450 80 PLUS Bronze, ATX, 120mm, 450W",FUENTE DE PODER,8,1859.00,0
P1589,"Fuente de Poder Acteck S 500, 20+4 pin Micro ATX, 80mm, 500W, Negro",FUENTE DE PODER,19,365.00,0
P1590,"Fuente de Poder Cooler Master MWE 450 80 PLUS Bronze, 20+4 pin ATX, 120mm, 450W",FUENTE DE PODER,15,1179.00,0
P1591,"Fuente de Poder Cooler Master MasterWatt 650W 80 PLUS Bronze, 24-pin ATX, 120mm, 650W",FUENTE DE PODER,13,1739.00,0
P1592,"Fuente de Poder Acteck Blazar R-500, 20+4 pin ATX, 500W, Negro",FUENTE DE PODER,22,320.00,0
P1593,"Fuente de Poder EVGA SuperNOVA 650 P2 80 PLUS Platinum, 20-pin ATX, 140mm, 650W",FUENTE DE PODER,9,4359.00,0
P1594,"uente de Poder EVGA SuperNOVA 850 P2 80 PLUS Platinum, 24-pin ATX, 140mm, 850W",FUENTE DE PODER,7,5969.00,0
P1595,"Fuente de Poder EVGA 650 GQ 80 PLUS Gold, ATX, 135mm, 650W",FUENTE DE PODER,13,2979.00,0
P1596,"Fuente de Poder Cooler Master MWE 750 80 PLUS Gold, 24-pin ATX, 120mm, 750W",FUENTE DE PODER,16,1989.00,0
P1597,Sistema de Enfriamiento Corsair Hydro H60 Led 120mm,REFRIGERACION,14,"$ 1,579.00 ",0
P1598,"Disipador CPU Cooler Master Hyper 212 RGB, 120mm, 650RPM - 2000RPM, Negro",REFRIGERACION,18,1779.00,0
P1599,"Disipador CPU BRobotix 952539-4, 95mm, 2600RPM, Negro",REFRIGERACION,25,166.00,0
P1600,"Disipador CPU Cooler Master MasterAir G200P, 92mm, 800RPM - 2600RPM, Negro/Plata",REFRIGERACION,16,919.00,0
P1601,"Disipador CPU Cooler Master MasterAir MA410P RGB, 120mm, 650-2000RPM, Negro",REFRIGERACION,13,1149.00,0
P1602,"Disipador CPU Thermaltake UX200 ARGB, 120mm, 300 - 1500RPM, Negro",REFRIGERACION,11,1359.00,0
P1603,"Disipador CPU Thermaltake UX100 ARGB, 120mm, 1800RPM, Negro",REFRIGERACION,21,385.00,0
P1604,"Corsair iCUE H100i RGB PRO XT Enfriamiento Líquido para CPU, 2x 120mm, 2400RPM",REFRIGERACION,19,2399.00,0
P1605,"Disipador para CPU Corsair A500 Dual Fan, 120mm, 2400RPM",REFRIGERACION,19,2319.00,0
P1606,Gabinete Acteck Performance 480W Negro,GABINETE,35,$ 499.00 ,0
P1607,GABINETE ACTECK KIRUNA NEGRO 500W ATX AC-05008,GABINETE,26,$ 669.00 ,0
P1608,GABINETE ACTECK-E LYNX NEGRO 500W MICRO ATX USB 3.0 AC9290357506215929035,GABINETE,29,$ 559.00 ,0
P1609,GABINETE ADATA XPG INVADER BLANCO ATX MID-TOWER USB 3.0 C/TEMPLADO ARGB,GABINETE,23,"$ 1,669.00 ",0
P1610,GABINETE GIGABYTE AORUS C300 GLASS RGB MIDI TOWER NEGRO GB-AC300G,GABINETE,30,"$ 3,459.00 ",0
P1611,GABINETE NACEB EVOTEC SLIM VIENA EV-1011 ROJO 600W MATX,GABINETE,35,$ 709.00 ,0
P1612,Gabinete Ocelot CS-672 Gamer/ATX/Panel de vidrio templado,GABINETE,22,"$ 1,119.00 ",0
P1613,GABINETE ACTECK BALAM RUSH KRAKEN ATX NEGRO RGB C/TEMPLADO USB3.0 BR-929608,GABINETE,27,"$ 1,479.00 ",0
P1614,GABINETE INWIN 101 BLANCO SF ATX VIDRIO TEMPLADO,GABINETE,24,"$ 1,949.00 ",0
P1615,GABINETE ACTECK BALAM RUSH BASILISKO RGB ATX C/TEMPLADO USB3.0 BR-929585,GABINETE,26,$ 969.00 ,0
P1616,Gabinete Gigabyte GB-C200G Mid Tower Black Gb-C200G ATX GB-C200G,GABINETE,22,"$ 1,689.00 ",0
P1617,In Win 303 Gabinete ATX Mid Tower Negro USB 3.0,GABINETE,20,"$ 2,229.00 ",0
P1618,GABINETE INWIN 303 NEGRO ATX C/TEMPLADO + FUENTE PB750W RGB,GABINETE,19,"$ 4,179.00 ",0
P1619,GABINETE INWIN 216 NEGRO C/TEMPLADO E-ATX USB-C 3.0 IW-CS-216BLK,GABINETE,29,"$ 1,949.00 ",0
P1620,GABINETE ACTECK FUSION X MINI-ATX NEGRO 500W RGB USB3.0,GABINETE,35,$ 719.00 ,0
P1621,Inwin 101 Gabinete Negro ATX C/Templado USB 3.0,GABINETE,24,"$ 1,949.00 ",0
P1622,GABINETE NACEB EVOTEC SLIM ARUBA EV-1010 VERDE 600W MATX,GABINETE,28,$ 709.00 ,0
P1623,Gabinete Realteck 9 Bahias 400W Multiquemadora,GABINETE,36,$ 689.00 ,0
P1624,"MONITOR ASUS VG32VQ1B 31.5"" TUF GAMING CURVO WQHD 1MS 165HZ FREESYNC HDMI DP",MONITOR,14,"$ 11,279.00 ",0
P1625,"MONITOR GAMER GIGABYTE CURVO G27FC LED 27"" FHD 165HZ HDMI BOCINAS INTEGRADAS",MONITOR,16,"$ 7,919.00 ",0
P1626,"MONITOR SAMSUNG 34"" CURVO QLED HDMI DP THUNDERBOLT3 C/BOCINAS LC34J791WTLXZX",MONITOR,8,"$ 17,109.00 ",0
P1627,"MONITOR SAMSUNG 24"" 4MS FULL HD HDMI VGA LS24F350FHL",MONITOR,24,"$ 2,929.00 ",0
P1628,"MONITOR LG GAMING 27"" FULL HD FREESYNC 144HGZ HDMI",MONITOR,20,"$ 7,669.00 ",0
P1629,"MONITOR HP V214B 20.7"" LED VGA",MONITOR,23,"$ 2,369.00 ",0
P1630,"MONITOR GAMER GIGABYTE G27F-SA 27"" 1MS 144HZ FLAT 2XHDMI2.0 DP",MONITOR,15,"$ 7,359.00 ",0
P1631,"MONITOR GAMER GIGABYTE G32QC-SA 31.5"" 1MS 165HZ CURVO 2XHDMI2.0 DP",MONITOR,12,"$ 10,599.00 ",0
P1632,"MONITOR AOC 32"" GAMING CURVO 1MS 144HZ FREE SYNC HDMI DP CQ32G1",MONITOR,16,"$ 8,279.00 ",0
P1633,"MONITOR ASUS VA249HE 23.8"" FULL HD EYE CARE VGA HDMI",MONITOR,21,"$ 3,409.00 ",0
P1634,"MONITOR HP 24FW 23.8"" IPS FREESYNC VGA HDMI BLANCO 3KS62AA#ABA",MONITOR,18,"$ 4,649.00 ",0
P1635,"MONITOR LG 32MN500M-B 32"" FULL HD FREESYNC IPS HDMI",MONITOR,22,"$ 4,759.00 ",0
P1636,MONITOR LG 24MK430H-B FULL HD IPS FREESYNC VGA HDMI,MONITOR,27,"$ 2,939.00 ",0
P1637,"Monitor LG 24"" 24MP59G Gaming LED WIDE",MONITOR,21,"$ 3,639.00 ",0
P1638,"MONITOR SAMSUNG 32"" CURVO 4MS FULL HD HDMI BLANCO LC32F391FWLXZX",MONITOR,18,"$ 5,619.00 ",0
P1639,"Monitor Samsung 22"" LS22F355FHL LED Full HD",MONITOR,26,"$ 2,459.00 ",0
P1640,BOCINAS LOGITECH Z906 5.1 CANALES THX 980-000474,BOCINAS,12,"$ 5,389.00 ",0
P1641,Bocinas Logitech Z313 2.1 Canales,BOCINAS,32,$ 809.00 ,0
P1642,BOCINAS LOGITECH Z213 2.1 CANALES 980-001224,BOCINAS,36,$ 579.00 ,0
P1643,BOCINA LOGITECH Z337 2.1 BLUETOOTH 980-001260,BOCINAS,24,"$ 1,419.00 ",0
P1644,Bocinas Logitech Z207 Bluetooth color negro,BOCINAS,33,$ 859.00 ,0
P1645,BOCINAS LOGITECH Z333 2.1 CANALES 980-001203,BOCINAS,31,"$ 1,129.00 ",0
P1646,BOCINAS LOGITECH Z607 5.1 BLUETOOTH CON CONTROL RANURA SD Y USB 980-001315,BOCINAS,28,"$ 1,669.00 ",0
P1647,MOUSE INALAMBRICO LOGITECH M190 ROJO 910-005904 3 BOTONES OPTICO,MOUSE,49,$ 239.00 ,0
P1648,MOUSE LOGITECH MX VERTICAL BLUETOOTH USB TIPO-C,MOUSE,20,"$ 1,319.00 ",0
P1649,MOUSE LOGITECH M350 PEBBLE OPTICO COLOR BLANCO INALAMBRICO 910-005770,MOUSE,35,$ 299.00 ,0
P1650,MOUSE LOGITECH MX MASTER 3 INALÁMBRICO 4000DPI BT USB-C 910-005647,MOUSE,15,"$ 1,539.00 ",0
P1651,MOUSE KINGSTON HX PULSEFIRE FPS PRO RGB 16000 DPI NGENUITY HX-MC003B,MOUSE,17,"$ 1,019.00 ",0
P1652,Mouse Logitech MX Ergo Inalámbrico Tack ball,MOUSE,18,"$ 1,559.00 ",0
P1653,MOUSE LOGITECH M110 SILENCIOSO OPTICO COLOR NEGRO ALÁMBRICO USB 910-005493,MOUSE,33,$ 129.00 ,0
P1654,MOUSE LOGITECH M570 TRACKMAN LASER INALAMBRICO COLOR GRIS USB 910-001799,MOUSE,38,$ 779.00 ,0
P1655,Mouse Logitech Mx Anywhere 2s Optico Inalámbrico,MOUSE,16,"$ 1,199.00 ",0
P1656,Mouse Logitech M90 Alambrico Usb Negro,MOUSE,47,$ 109.00 ,0
P1657,MOUSE LOGITECH G502 GAMING LIGHTSPEED USB 16000 DPI 910-005566,MOUSE GAMER,20,"$ 1,999.00 ",0
P1658,Mouse Logitech G600 MMO Negro RGB Alámbrico,MOUSE GAMER,23,$ 989.00 ,0
P1659,MOUSE LOGITECH G203 LIGHTSYNC COLOR BLANCO RGB ALÁMBRICO 910-005794,MOUSE GAMER,24,$ 439.00 ,0
P1660,MOUSE NACEB SPARTAN LED NEGRO 2400DPI 5BOTONES NA-0932,MOUSE GAMER,32,$ 169.00 ,0
P1661,MOUSE ASUS ROG GLADIUS II CORE GAMING P507 6200PPP AURA SYNC,MOUSE GAMER,24,$ 939.00 ,0
P1662,MOUSE LOGITECH G300S ÓPTICO COLOR NEGRO ALAMBRICO 9 BOTONES 910-004344,MOUSE GAMER,33,$ 399.00 ,0
P1663,MOUSE LOGITECH G203 LIGHTSYNC COLOR NEGRO RGB ALAMBRICO 910-005793,MOUSE GAMER,30,$ 439.00 ,0
P1664,MOUSE LOGITECH G502 HERO GAMING NEGRO USB 16000 DPI 910-005550,MOUSE GAMER,21,$ 969.00 ,0
P1665,Mousepad Eagle Warrior EWPADF3226,MOUSEPAD,42,$ 109.00 ,0
P1666,MOUSEPAD ASUS GAMING NC01 ROG SHEATH BLK EXTRA GRANDE,MOUSEPAD,27,$ 479.00 ,0
P1667,MOUSEPAD KINGSTON HX FURY S SPEED EDITION E HX-MPFS-S-L,MOUSEPAD,24,$ 569.00 ,0
P1668,MOUSEPAD KINGSTON HX FURY S SPEED EDITION E HX-MPFS-S-XL,MOUSEPAD,20,$ 719.00 ,0
P1669,TECLADO LOGITECH K120 Plug-and-Play USB 920-004422,TECLADOS,36,$ 169.00 ,0
P1670,"TECLADO LENOVO SK-8823, ALAMBRICO, USB, ESPAÑOL, NEGRO 00XH611",TECLADOS,30,$ 189.00 ,0
P1671,TECLADO LOGITECH K380 BLANCO/BLUETOOTH/MOD: 920-009595,TECLADOS,26,$ 579.00 ,0
P1672,TECLADO USB MICROSOFT ERGONOMICO LXN-00003 NEGRO MULTIMEDIA REPOSAMUÑECAS ING LXN-00003,TECLADOS,20,"$ 1,209.00 ",0
P1673,Teclado Logitech K400 Plus Inalámbrico Touch,TECLADOS,34,$ 619.00 ,0
P1674,Teclado Gamer Logitech G413 Mecánico Carbono,TECLADOS GAMER,26,"$ 2,089.00 ",0
P1675,TECLADO ACTECK GAMER BALAM RUSH MURDER RETROILUMINADO ESP USB,TECLADOS GAMER,32,$ 479.00 ,0
P1676,TECLADO LOGITECH G213 PRODIGY RGB USB 920-008084,TECLADOS GAMER,28,$ 919.00 ,0
P1677,TECLADO ASUS TUF GAMING K7 USB/IP56/AURA SYNC/LIN/US,TECLADOS GAMER,12,"$ 1,959.00 ",0
P1678,TECLADO LOGITECH G915 TKL BLANCO RGB INALÁMBRICO,TECLADOS GAMER,10,"$ 2,909.00 ",0
P1679,TECLADO GAMER NACEB BLACK COBRA MECÁNICO RGB USB ESP NA-0944,TECLADOS GAMER,29,$ 719.00 ,0
P1680,TECLADO NACEB ZAURUS MECANICO RGB USB MOD: NA-0918,TECLADOS GAMER,15,"$ 1,199.00 ",0
P1681,TECLADO OCELOT GAMER MECANICO NEGRO SWITCH AZUL USB 2.0 OGMK01,TECLADOS GAMER,23,$ 649.00 ,0
P1682,"Teclado Gamer HyperX Alloy Origins RGB, Teclado Mecánico, HyperX Red Switch, Alámbrico, Negro",TECLADOS GAMER,8,2139.00,0
P1683,"Teclado Gamer HyperX Alloy FPS LED Rojo, Teclado Mecánico, Cherry MX Blue, Alámbrico, Negro",TECLADOS GAMER,10,2089.00,0
P1684,"Teclado Gamer HyperX Alloy FPS Pro LED Rojo, Teclado Mecánico, Cherry MX Blue, Alámbrico, Negro",TECLADOS GAMER,13,1809.00,0
P1685,"Teclado Gamer HyperX Alloy Core RGB, Alámbrico, Negro",TECLADOS GAMER,11,1349.00,0
P1686,KIT 2 EN 1 LOGITECH MK120 TECLADO Y MOUSE 920-004428,KIT,29,$ 269.00 ,0
P1687,KIT 2 EN 1 LOGITECH MK200 TECLADO Y MOUSE 920-002716,KIT,31,$ 289.00 ,0
P1688,KIT 2 EN 1 LOGITECH - MOUSE M90 / TECLADO K120,KIT,27,$ 269.00 ,0
P1689,KIT 2 EN 1 LOGITECH MK270 TECLADO Y MOUSE INALAMBRICO 920-004432,KIT,26,$ 439.00 ,0
P1690,Teclado y mouse Gigabyte Alámbrico GK-KM3100,KIT,32,$ 259.00 ,0
P1691,KIT 2 EN 1 ACTECK K200 TECLADO Y MOUSE USB NEGRO 1000DPI AC-916639,KIT,41,$ 199.00 ,0
P1692,KIT 2 EN 1 LOGITECH MK295 INALAMBRICO TECLADO MULTIMEDIA MOUSE 920-009792,KIT,33,$ 589.00 ,0
P1693,KIT 2 EN 1 MICROSOFT DESKTOP 850 INALAMBRICO TECLADO Y MOUSE OPTICO PN9-00004,KIT,26,$ 749.00 ,0
P1694,KIT 2 EN 1 MICROSOFT DESKTOP 600 USB TECLADO Y MOUSE OPTICO APB-00004,KIT,29,$ 509.00 ,0
P1695,Web Cam Logitech C920S Full HD Pro Autoenfoque con micrófono,WEB CAM,15,"$ 1,579.00 ",0
P1696,WebCam Avermedia PW313 1080p 30Fps USB Micrófono MD202004,WEB CAM,10,"$ 1,929.00 ",0
P1697,WebCam Topsky FulHD 5 MP 30Fps 1080P Autofoco TOP-WEB-180,WEB CAM,16,$ 759.00 ,0
P1698,DIADEMA LOGITECH H390 STEREO NEGRA CON MICROFONO USB 981-000060,DIADEMAS,34,$ 599.00 ,0
P1699,DIADEMA KINGSTON HX CLOUD STINGER NEGRA/ROJO C/MIC 3.5MM HX-HSCS-BK/NA,DIADEMAS,16,"$ 1,105.00 ",0
P1700,DIADEMA KINGSTON HX CLOUD STINGER CORE PC NEGRO C/MIC 3.5MM HX-HSCSC2-BK/WW,DIADEMAS,26,$ 919.00 ,0
P1701,Diadema Corsair HS35 Stereo Gaming Azul 3.5 mm,DIADEMAS,20,$ 999.00 ,0
P1702,DIADEMA LOGITECH H600 STEREO NEGRA CON MICROFONO INALÁMBRICA 981-000386,DIADEMAS,23,$ 935.00 ,0
P1703,DIADEMA KINGSTON HX CLOUD STINGER CORE 7.1 PC NEGRO C/MIC 3.5MM HHSS1C-AA-BK/G,DIADEMAS,16,"$ 1,279.00 ",0
P1704,DIADEMA KINGSTON HX CLOUD REVOLVER S 7.1 NEGRO C/MIC 3.5MM HX-HSCRS-GM/NA,DIADEMAS,8,"$ 2,689.00 ",0
P1705,DIADEMA KINGSTON HX CLOUD ALPHA S 7.1 NEGRO C/MIC 3.5MM HX-HSCAS-BK-WW,DIADEMAS,12,"$ 2,759.00 ",0
P1706,DIADEMA KINGSTON HX CLOUDX ALAMBRICA HX-HS5CX-SR,DIADEMAS,17,"$ 1,469.00 ",0
P1707,DIADEMA KINGSTON HX CLOUD ALPHA S 7.1 NEGRO/AZUL C/MIC 3.5MM HX-HSCAS-BL/WW,DIADEMAS,9,"$ 2,629.00 ",0
P1708,DIADEMA KINGSTON CLOUD BLUE P/PLAY STATION4 HX-HSCLS-BL/AM,DIADEMAS,11,"$ 1,789.00 ",0
P1709,DIADEMA KINGSTON HX CLOUD STINGER CORE INALAMBRICAS 7.1 BLANCO 3.5 HHSS1C-KB-WT/G,DIADEMAS,10,"$ 1,969.00 ",0
P1710,Diadema Logitech G635 Gamming 7.1 Canales,DIADEMAS,8,"$ 2,159.00 ",0
